{
    "loss": 0.5581809282302856,
    "accuracy": 0.8627451062202454
}