{
    "loss": 12.401029586791992,
    "accuracy": 0.4313725531101227
}